{
  "image_location": "build/texture/gui/chest.png",
  "image_size": [
    352,
    332
  ],
  "slots": {
    "0": {"position": [16, 192], "allow_player_add_to_free_place": false},
    "1": {"position": [52, 192], "allow_player_add_to_free_place": false},
    "2": {"position": [88, 192], "allow_player_add_to_free_place": false},
    "3": {"position": [124, 192], "allow_player_add_to_free_place": false},
    "4": {"position": [160, 192], "allow_player_add_to_free_place": false},
    "5": {"position": [196, 192], "allow_player_add_to_free_place": false},
    "6": {"position": [232, 192], "allow_player_add_to_free_place": false},
    "7": {"position": [268, 192], "allow_player_add_to_free_place": false},
    "8": {"position": [304, 192], "allow_player_add_to_free_place": false},

    "9": {"position": [16, 228], "allow_player_add_to_free_place": false},
    "10": {"position": [52, 228], "allow_player_add_to_free_place": false},
    "11": {"position": [88, 228], "allow_player_add_to_free_place": false},
    "12": {"position": [124, 228], "allow_player_add_to_free_place": false},
    "13": {"position": [160, 228], "allow_player_add_to_free_place": false},
    "14": {"position": [196, 228], "allow_player_add_to_free_place": false},
    "15": {"position": [232, 228], "allow_player_add_to_free_place": false},
    "16": {"position": [268, 228], "allow_player_add_to_free_place": false},
    "17": {"position": [304, 228], "allow_player_add_to_free_place": false},

    "18": {"position": [16, 264], "allow_player_add_to_free_place": false},
    "19": {"position": [52, 264], "allow_player_add_to_free_place": false},
    "20": {"position": [88, 264], "allow_player_add_to_free_place": false},
    "21": {"position": [124, 264], "allow_player_add_to_free_place": false},
    "22": {"position": [160, 264], "allow_player_add_to_free_place": false},
    "23": {"position": [196, 264], "allow_player_add_to_free_place": false},
    "24": {"position": [232, 264], "allow_player_add_to_free_place": false},
    "25": {"position": [268, 264], "allow_player_add_to_free_place": false},
    "26": {"position": [304, 264], "allow_player_add_to_free_place": false}
  }
}